[
  {
    "title": "February Stars",
    "category": "animals",
    "images": {
      "thumb": "img/thumb-2-8.jpg",
      "large": "img/large-2-8.jpg"
    },
    "date": "2012-01-01"
  },
  {
    "title": "Sweet Baby James",
    "category": "animals",
    "images": {
      "thumb": "img/thumb-2-4.jpg",
      "large": "img/large-2-4.jpg"
    },
    "date": "2012-01-02"
  },
  {
    "title": "The Night Belongs To Mona",
    "category": "people",
    "images": {
      "thumb": "img/thumb-1-14.jpg",
      "large": "img/large-1-14.jpg"
    },
    "date": "2012-01-03"
  },
  {
    "title": "Sun Hits The Sky",
    "category": "people",
    "images": {
      "thumb": "img/thumb-1-3.jpg",
      "large": "img/large-1-3.jpg"
    },
    "date": "2012-01-04"
  },
  {
    "title": "She's Bought A Hat Like Princess Marina",
    "category": "nature",
    "images": {
      "thumb": "img/thumb-3-15.jpg",
      "large": "img/large-3-15.jpg"
    },
    "date": "2012-01-05"
  },
  {
    "title": "Just Passing",
    "category": "architects",
    "images": {
      "thumb": "img/thumb-5-14.jpg",
      "large": "img/large-5-14.jpg"
    },
    "date": "2012-01-06"
  },
  {
    "title": "Getting in Tune",
    "category": "nature",
    "images": {
      "thumb": "img/thumb-3-12.jpg",
      "large": "img/large-3-12.jpg"
    },
    "date": "2012-01-07"
  },
  {
    "title": "早春物語",
    "category": "people",
    "images": {
      "thumb": "img/thumb-1-16.jpg",
      "large": "img/large-1-16.jpg"
    },
    "date": "2012-01-08"
  },
  {
    "title": "アルカディア",
    "category": "plantes",
    "images": {
      "thumb": "img/thumb-4-1.jpg",
      "large": "img/large-4-1.jpg"
    },
    "date": "2012-01-09"
  },
  {
    "title": "Space Oddity",
    "category": "people",
    "images": {
      "thumb": "img/thumb-1-19.jpg",
      "large": "img/large-1-19.jpg"
    },
    "date": "2012-01-10"
  },
  {
    "title": "My World Fell Down",
    "category": "nature",
    "images": {
      "thumb": "img/thumb-3-5.jpg",
      "large": "img/large-3-5.jpg"
    },
    "date": "2012-01-11"
  },
  {
    "title": "Tell Me What You're Gonna Do",
    "category": "architects",
    "images": {
      "thumb": "img/thumb-5-9.jpg",
      "large": "img/large-5-9.jpg"
    },
    "date": "2012-01-12"
  },
  {
    "title": "Hope You Feel Better Love (Part 1 & 2)",
    "category": "architects",
    "images": {
      "thumb": "img/thumb-5-3.jpg",
      "large": "img/large-5-3.jpg"
    },
    "date": "2012-01-13"
  },
  {
    "title": "Watching The Detectives",
    "category": "animals",
    "images": {
      "thumb": "img/thumb-2-11.jpg",
      "large": "img/large-2-11.jpg"
    },
    "date": "2012-01-14"
  },
  {
    "title": "旅人",
    "category": "plantes",
    "images": {
      "thumb": "img/thumb-4-2.jpg",
      "large": "img/large-4-2.jpg"
    },
    "date": "2012-01-15"
  },
  {
    "title": "If It's Magic",
    "category": "animals",
    "images": {
      "thumb": "img/thumb-2-19.jpg",
      "large": "img/large-2-19.jpg"
    },
    "date": "2012-01-16"
  },
  {
    "title": "Visions",
    "category": "animals",
    "images": {
      "thumb": "img/thumb-2-2.jpg",
      "large": "img/large-2-2.jpg"
    },
    "date": "2012-01-17"
  },
  {
    "title": "星の彼方へ",
    "category": "plantes",
    "images": {
      "thumb": "img/thumb-4-14.jpg",
      "large": "img/large-4-14.jpg"
    },
    "date": "2012-01-18"
  },
  {
    "title": "My Carnival",
    "category": "people",
    "images": {
      "thumb": "img/thumb-1-10.jpg",
      "large": "img/large-1-10.jpg"
    },
    "date": "2012-01-19"
  },
  {
    "title": "Burn [2004 Remix]",
    "category": "architects",
    "images": {
      "thumb": "img/thumb-5-6.jpg",
      "large": "img/large-5-6.jpg"
    },
    "date": "2012-01-20"
  },
  {
    "title": "Danger",
    "category": "nature",
    "images": {
      "thumb": "img/thumb-3-8.jpg",
      "large": "img/large-3-8.jpg"
    },
    "date": "2012-01-21"
  },
  {
    "title": "Look Back in Anger",
    "category": "people",
    "images": {
      "thumb": "img/thumb-1-7.jpg",
      "large": "img/large-1-7.jpg"
    },
    "date": "2012-01-22"
  },
  {
    "title": "Walking After You",
    "category": "animals",
    "images": {
      "thumb": "img/thumb-2-10.jpg",
      "large": "img/large-2-10.jpg"
    },
    "date": "2012-01-23"
  },
  {
    "title": "Love to Say Dada",
    "category": "architects",
    "images": {
      "thumb": "img/thumb-5-5.jpg",
      "large": "img/large-5-5.jpg"
    },
    "date": "2012-01-24"
  },
  {
    "title": "Waiting for a Star to Fall",
    "category": "nature",
    "images": {
      "thumb": "img/thumb-3-2.jpg",
      "large": "img/large-3-2.jpg"
    },
    "date": "2012-01-25"
  },
  {
    "title": "Isn't She Lovely",
    "category": "people",
    "images": {
      "thumb": "img/thumb-1-6.jpg",
      "large": "img/large-1-6.jpg"
    },
    "date": "2012-01-26"
  },
  {
    "title": "Mysterious Ways",
    "category": "people",
    "images": {
      "thumb": "img/thumb-1-5.jpg",
      "large": "img/large-1-5.jpg"
    },
    "date": "2012-01-27"
  },
  {
    "title": "Couldn't I Just Tell You",
    "category": "nature",
    "images": {
      "thumb": "img/thumb-3-9.jpg",
      "large": "img/large-3-9.jpg"
    },
    "date": "2012-01-28"
  },
  {
    "title": "Blue Suede Shoes",
    "category": "animals",
    "images": {
      "thumb": "img/thumb-2-7.jpg",
      "large": "img/large-2-7.jpg"
    },
    "date": "2012-01-29"
  },
  {
    "title": "LET'S DANCE BABY",
    "category": "plantes",
    "images": {
      "thumb": "img/thumb-4-5.jpg",
      "large": "img/large-4-5.jpg"
    },
    "date": "2012-01-30"
  },
  {
    "title": "Happy Families",
    "category": "nature",
    "images": {
      "thumb": "img/thumb-3-1.jpg",
      "large": "img/large-3-1.jpg"
    },
    "date": "2012-01-31"
  },
  {
    "title": "Too High",
    "category": "animals",
    "images": {
      "thumb": "img/thumb-2-1.jpg",
      "large": "img/large-2-1.jpg"
    },
    "date": "2012-02-01"
  },
  {
    "title": "Long Tall Sally",
    "category": "nature",
    "images": {
      "thumb": "img/thumb-3-11.jpg",
      "large": "img/large-3-11.jpg"
    },
    "date": "2012-02-02"
  },
  {
    "title": "She's A Rainbow",
    "category": "nature",
    "images": {
      "thumb": "img/thumb-3-7.jpg",
      "large": "img/large-3-7.jpg"
    },
    "date": "2012-02-03"
  },
  {
    "title": "Running Fast (long version)",
    "category": "plantes",
    "images": {
      "thumb": "img/thumb-4-18.jpg",
      "large": "img/large-4-18.jpg"
    },
    "date": "2012-02-04"
  },
  {
    "title": "Zoo Gang",
    "category": "nature",
    "images": {
      "thumb": "img/thumb-3-19.jpg",
      "large": "img/large-3-19.jpg"
    },
    "date": "2012-02-05"
  },
  {
    "title": "瞳を閉じて",
    "category": "plantes",
    "images": {
      "thumb": "img/thumb-4-9.jpg",
      "large": "img/large-4-9.jpg"
    },
    "date": "2012-02-06"
  },
  {
    "title": "United State",
    "category": "architects",
    "images": {
      "thumb": "img/thumb-5-1.jpg",
      "large": "img/large-5-1.jpg"
    },
    "date": "2012-02-07"
  },
  {
    "title": "The Prisoner",
    "category": "people",
    "images": {
      "thumb": "img/thumb-1-2.jpg",
      "large": "img/large-1-2.jpg"
    },
    "date": "2012-02-08"
  },
  {
    "title": "Moles",
    "category": "architects",
    "images": {
      "thumb": "img/thumb-5-2.jpg",
      "large": "img/large-5-2.jpg"
    },
    "date": "2012-02-09"
  },
  {
    "title": "\"T\" Plays It Cool",
    "category": "plantes",
    "images": {
      "thumb": "img/thumb-4-8.jpg",
      "large": "img/large-4-8.jpg"
    },
    "date": "2012-02-10"
  },
  {
    "title": "Part Time Love",
    "category": "nature",
    "images": {
      "thumb": "img/thumb-3-4.jpg",
      "large": "img/large-3-4.jpg"
    },
    "date": "2012-02-11"
  },
  {
    "title": "密林少女",
    "category": "architects",
    "images": {
      "thumb": "img/thumb-5-8.jpg",
      "large": "img/large-5-8.jpg"
    },
    "date": "2012-02-12"
  },
  {
    "title": "海路",
    "category": "architects",
    "images": {
      "thumb": "img/thumb-5-12.jpg",
      "large": "img/large-5-12.jpg"
    },
    "date": "2012-02-13"
  },
  {
    "title": "Billy Green Is Dead",
    "category": "animals",
    "images": {
      "thumb": "img/thumb-2-5.jpg",
      "large": "img/large-2-5.jpg"
    },
    "date": "2012-02-14"
  },
  {
    "title": "She's Always A Woman",
    "category": "animals",
    "images": {
      "thumb": "img/thumb-2-14.jpg",
      "large": "img/large-2-14.jpg"
    },
    "date": "2012-02-15"
  },
  {
    "title": "Water",
    "category": "nature",
    "images": {
      "thumb": "img/thumb-3-13.jpg",
      "large": "img/large-3-13.jpg"
    },
    "date": "2012-02-16"
  },
  {
    "title": "Digital Garden",
    "category": "nature",
    "images": {
      "thumb": "img/thumb-3-17.jpg",
      "large": "img/large-3-17.jpg"
    },
    "date": "2012-02-17"
  },
  {
    "title": "Lonely Night (Never Never)",
    "category": "people",
    "images": {
      "thumb": "img/thumb-1-11.jpg",
      "large": "img/large-1-11.jpg"
    },
    "date": "2012-02-18"
  },
  {
    "title": "Knowin' My Love's Alive",
    "category": "plantes",
    "images": {
      "thumb": "img/thumb-4-16.jpg",
      "large": "img/large-4-16.jpg"
    },
    "date": "2012-02-19"
  },
  {
    "title": "Dear God",
    "category": "animals",
    "images": {
      "thumb": "img/thumb-2-15.jpg",
      "large": "img/large-2-15.jpg"
    },
    "date": "2012-02-20"
  },
  {
    "title": "Passion",
    "category": "architects",
    "images": {
      "thumb": "img/thumb-5-10.jpg",
      "large": "img/large-5-10.jpg"
    },
    "date": "2012-02-21"
  },
  {
    "title": "Yesterday, Today And Tomorrow",
    "category": "architects",
    "images": {
      "thumb": "img/thumb-5-15.jpg",
      "large": "img/large-5-15.jpg"
    },
    "date": "2012-02-22"
  },
  {
    "title": "Sick Day",
    "category": "animals",
    "images": {
      "thumb": "img/thumb-2-12.jpg",
      "large": "img/large-2-12.jpg"
    },
    "date": "2012-02-23"
  },
  {
    "title": "人間通",
    "category": "architects",
    "images": {
      "thumb": "img/thumb-5-16.jpg",
      "large": "img/large-5-16.jpg"
    },
    "date": "2012-02-24"
  },
  {
    "title": "Charles Bukowski Is Dead",
    "category": "people",
    "images": {
      "thumb": "img/thumb-1-8.jpg",
      "large": "img/large-1-8.jpg"
    },
    "date": "2012-02-25"
  },
  {
    "title": "In the Crowd",
    "category": "nature",
    "images": {
      "thumb": "img/thumb-3-14.jpg",
      "large": "img/large-3-14.jpg"
    },
    "date": "2012-02-26"
  },
  {
    "title": "Finish What Ya Started",
    "category": "animals",
    "images": {
      "thumb": "img/thumb-2-20.jpg",
      "large": "img/large-2-20.jpg"
    },
    "date": "2012-02-27"
  },
  {
    "title": "ぼくらが旅に出る理由",
    "category": "nature",
    "images": {
      "thumb": "img/thumb-3-20.jpg",
      "large": "img/large-3-20.jpg"
    },
    "date": "2012-02-28"
  },
  {
    "title": "いっせーのせっ!",
    "category": "plantes",
    "images": {
      "thumb": "img/thumb-4-7.jpg",
      "large": "img/large-4-7.jpg"
    },
    "date": "2012-02-29"
  },
  {
    "title": "約束の橋",
    "category": "plantes",
    "images": {
      "thumb": "img/thumb-4-12.jpg",
      "large": "img/large-4-12.jpg"
    },
    "date": "2012-03-01"
  },
  {
    "title": "Bottle Rocket",
    "category": "plantes",
    "images": {
      "thumb": "img/thumb-4-11.jpg",
      "large": "img/large-4-11.jpg"
    },
    "date": "2012-03-02"
  },
  {
    "title": "Peri's Scope",
    "category": "nature",
    "images": {
      "thumb": "img/thumb-3-6.jpg",
      "large": "img/large-3-6.jpg"
    },
    "date": "2012-03-03"
  },
  {
    "title": "Good Rockin' Tonight",
    "category": "people",
    "images": {
      "thumb": "img/thumb-1-18.jpg",
      "large": "img/large-1-18.jpg"
    },
    "date": "2012-03-04"
  },
  {
    "title": "アヤのバラード",
    "category": "people",
    "images": {
      "thumb": "img/thumb-1-1.jpg",
      "large": "img/large-1-1.jpg"
    },
    "date": "2012-03-05"
  },
  {
    "title": "One Night Stand",
    "category": "architects",
    "images": {
      "thumb": "img/thumb-5-13.jpg",
      "large": "img/large-5-13.jpg"
    },
    "date": "2012-03-06"
  },
  {
    "title": "Inner City Blues (Make Me Wanna Holler)",
    "category": "animals",
    "images": {
      "thumb": "img/thumb-2-21.jpg",
      "large": "img/large-2-21.jpg"
    },
    "date": "2012-03-07"
  },
  {
    "title": "The Streets of Laredo/Not Long for This World",
    "category": "plantes",
    "images": {
      "thumb": "img/thumb-4-3.jpg",
      "large": "img/large-4-3.jpg"
    },
    "date": "2012-03-08"
  },
  {
    "title": "Within You Without You",
    "category": "animals",
    "images": {
      "thumb": "img/thumb-2-13.jpg",
      "large": "img/large-2-13.jpg"
    },
    "date": "2012-03-09"
  },
  {
    "title": "Womb With A View",
    "category": "plantes",
    "images": {
      "thumb": "img/thumb-4-4.jpg",
      "large": "img/large-4-4.jpg"
    },
    "date": "2012-03-10"
  },
  {
    "title": "Ela é Carioca",
    "category": "architects",
    "images": {
      "thumb": "img/thumb-5-7.jpg",
      "large": "img/large-5-7.jpg"
    },
    "date": "2012-03-11"
  },
  {
    "title": "いらいら",
    "category": "plantes",
    "images": {
      "thumb": "img/thumb-4-6.jpg",
      "large": "img/large-4-6.jpg"
    },
    "date": "2012-03-12"
  },
  {
    "title": "愛しのルネ",
    "category": "people",
    "images": {
      "thumb": "img/thumb-1-15.jpg",
      "large": "img/large-1-15.jpg"
    },
    "date": "2012-03-13"
  },
  {
    "title": "ペンと知恵の輪",
    "category": "plantes",
    "images": {
      "thumb": "img/thumb-4-10.jpg",
      "large": "img/large-4-10.jpg"
    },
    "date": "2012-03-14"
  },
  {
    "title": "Sweet Little Girl",
    "category": "nature",
    "images": {
      "thumb": "img/thumb-3-21.jpg",
      "large": "img/large-3-21.jpg"
    },
    "date": "2012-03-15"
  },
  {
    "title": "Quase Sempre",
    "category": "people",
    "images": {
      "thumb": "img/thumb-1-17.jpg",
      "large": "img/large-1-17.jpg"
    },
    "date": "2012-03-16"
  },
  {
    "title": "Late Again",
    "category": "plantes",
    "images": {
      "thumb": "img/thumb-4-15.jpg",
      "large": "img/large-4-15.jpg"
    },
    "date": "2012-03-17"
  },
  {
    "title": "Let Me Love You (Like You Want To Be Loved)",
    "category": "plantes",
    "images": {
      "thumb": "img/thumb-4-17.jpg",
      "large": "img/large-4-17.jpg"
    },
    "date": "2012-03-18"
  },
  {
    "title": "Numb [Gimme Some More Dignity Mix]",
    "category": "animals",
    "images": {
      "thumb": "img/thumb-2-22.jpg",
      "large": "img/large-2-22.jpg"
    },
    "date": "2012-03-19"
  },
  {
    "title": "Sennen",
    "category": "nature",
    "images": {
      "thumb": "img/thumb-3-3.jpg",
      "large": "img/large-3-3.jpg"
    },
    "date": "2012-03-20"
  },
  {
    "title": "Ridge Rider",
    "category": "plantes",
    "images": {
      "thumb": "img/thumb-4-13.jpg",
      "large": "img/large-4-13.jpg"
    },
    "date": "2012-03-21"
  },
  {
    "title": "Outsmarted",
    "category": "animals",
    "images": {
      "thumb": "img/thumb-2-6.jpg",
      "large": "img/large-2-6.jpg"
    },
    "date": "2012-03-22"
  },
  {
    "title": "19th Nervous Breakdown",
    "category": "people",
    "images": {
      "thumb": "img/thumb-1-4.jpg",
      "large": "img/large-1-4.jpg"
    },
    "date": "2012-03-23"
  },
  {
    "title": "Just for Love",
    "category": "nature",
    "images": {
      "thumb": "img/thumb-3-18.jpg",
      "large": "img/large-3-18.jpg"
    },
    "date": "2012-03-24"
  },
  {
    "title": "And I Love Her",
    "category": "animals",
    "images": {
      "thumb": "img/thumb-2-9.jpg",
      "large": "img/large-2-9.jpg"
    },
    "date": "2012-03-25"
  },
  {
    "title": "Only a Girl",
    "category": "animals",
    "images": {
      "thumb": "img/thumb-2-17.jpg",
      "large": "img/large-2-17.jpg"
    },
    "date": "2012-03-26"
  },
  {
    "title": "Some Weird Sin",
    "category": "animals",
    "images": {
      "thumb": "img/thumb-2-16.jpg",
      "large": "img/large-2-16.jpg"
    },
    "date": "2012-03-27"
  },
  {
    "title": "Goodnight Tonight",
    "category": "nature",
    "images": {
      "thumb": "img/thumb-3-10.jpg",
      "large": "img/large-3-10.jpg"
    },
    "date": "2012-03-28"
  },
  {
    "title": "Kite",
    "category": "animals",
    "images": {
      "thumb": "img/thumb-2-3.jpg",
      "large": "img/large-2-3.jpg"
    },
    "date": "2012-03-29"
  },
  {
    "title": "Everyday I Love You Less and Less",
    "category": "architects",
    "images": {
      "thumb": "img/thumb-5-4.jpg",
      "large": "img/large-5-4.jpg"
    },
    "date": "2012-03-30"
  },
  {
    "title": "Laughing Boy",
    "category": "people",
    "images": {
      "thumb": "img/thumb-1-12.jpg",
      "large": "img/large-1-12.jpg"
    },
    "date": "2012-03-31"
  },
  {
    "title": "Take Off",
    "category": "architects",
    "images": {
      "thumb": "img/thumb-5-11.jpg",
      "large": "img/large-5-11.jpg"
    },
    "date": "2012-04-01"
  },
  {
    "title": "わがままジュリエット",
    "category": "people",
    "images": {
      "thumb": "img/thumb-1-13.jpg",
      "large": "img/large-1-13.jpg"
    },
    "date": "2012-04-02"
  },
  {
    "title": "We're Not Supposed To",
    "category": "animals",
    "images": {
      "thumb": "img/thumb-2-18.jpg",
      "large": "img/large-2-18.jpg"
    },
    "date": "2012-04-03"
  },
  {
    "title": "Don't Let Go The Coat",
    "category": "nature",
    "images": {
      "thumb": "img/thumb-3-16.jpg",
      "large": "img/large-3-16.jpg"
    },
    "date": "2012-04-04"
  },
  {
    "title": "The Prayer",
    "category": "architects",
    "images": {
      "thumb": "img/thumb-5-17.jpg",
      "large": "img/large-5-17.jpg"
    },
    "date": "2012-04-05"
  },
  {
    "title": "さすらい",
    "category": "people",
    "images": {
      "thumb": "img/thumb-1-9.jpg",
      "large": "img/large-1-9.jpg"
    },
    "date": "2012-04-06"
  },
  {
    "title": "Ddiamondd",
    "category": "architects",
    "images": {
      "thumb": "img/thumb-5-18.jpg",
      "large": "img/large-5-18.jpg"
    },
    "date": "2012-04-07"
  }
]